<?xml version="1.0" encoding="UTF-8" ?>
<!DOCTYPE mapper
        PUBLIC "-//mybatis.org//DTD Mapper 3.0//EN"
        "http://mybatis.org/dtd/mybatis-3-mapper.dtd">
<mapper namespace="com.john.mybatis.mapper.UserInfoMapper">

    <sql id="searchFieldsSql">
            `password` AS  password,
            `address` AS  address,
            `id` AS  id,
            `user_name` AS  userName
    </sql>

    <sql id="whereFieldsSql">
        where delete_flag=0
        <if test="password !=null and password != ''">
            and `password` =#{password}
        </if>
        <if test="address !=null and address != ''">
            and `address` =#{address}
        </if>
        <if test="id !=null">
            and `id` =#{id}
        </if>
        <if test="userName !=null and userName != ''">
            and `user_name` =#{userName}
        </if>
    </sql>

    <sql id="setFieldsSql">
        <set>
            `version` = `version` + 1 ,
            <if test="password !=null and password != ''">
                `password` = #{password},
            </if>
            <if test="address !=null and address != ''">
                `address` = #{address},
            </if>
            <if test="userName !=null and userName != ''">
                `user_name` = #{userName},
            </if>
        </set>
    </sql>

    <sql id="idFieldsSql">
        from user_info t
        where
            `id` = #{id}
    </sql>

    <select id="selectById" resultType="com.john.mybatis.bean.UserInfo">
        select
        <include refid="searchFieldsSql"/>
        <include refid="idFieldsSql"/>
    </select>

    <update id="updateById">
        update
        user_info t
        <include refid="setFieldsSql"/>
        where
        `id` = #{id}
    </update>

    <update id="deleteById">
        update
        user_info t
        set `delete_flag`=1
        where
            `id` = #{id}
    </update>

    <insert id="save" parameterType="com.john.mybatis.bean.UserInfo" useGeneratedKeys="true" keyProperty="id">
        insert into user_info
        <trim prefix="(" suffix=")" suffixOverrides=",">

            <if test="password !=null and password != ''">
                `password`,
            </if>

            <if test="address !=null and address != ''">
                `address`,
            </if>

            <if test="userName !=null and userName != ''">
                `user_name`,
            </if>
        </trim>
        <trim prefix="values (" suffix=")" suffixOverrides=",">
            <if test="password !=null and password != ''">
                #{password},
            </if>
            <if test="address !=null and address != ''">
                #{address},
            </if>
            <if test="userName !=null and userName != ''">
                #{userName},
            </if>
        </trim>
    </insert>

</mapper>